{
    "agent": "QRDQN",
    "QRDQN_buffer_size": 100000,
    "QRDQN_exploration_final_eps": 0.09113316028045268,
    "QRDQN_exploration_fraction": 0.019035620237241382,
    "QRDQN_exploration_initial_eps": 0.49827930377793855,
    "QRDQN_gamma": 0.9070283947221435,
    "QRDQN_gradient_steps": 67,
    "QRDQN_learning_rate": 0.0016187203716563254,
    "QRDQN_learning_starts": 1000,
    "QRDQN_policy": "MlpPolicy",
    "QRDQN_target_update_interval": 984,
    "QRDQN_tau": 0.48643533524790566,
    "QRDQN_train_freq": 17
}